step_x,intersection_area
0.0,0.0
0.2864788975654116,0.0
0.5729577951308232,0.0
0.8594366926962348,0.0
1.1459155902616465,0.0
1.432394487827058,0.0
1.7188733853924698,0.0
2.0053522829578814,11.15386489457496
2.291831180523293,58.677725947360486
2.5783100780887045,90.87388309076741
2.864788975654116,116.44275790139517
3.151267873219527,138.53242926094867
3.437746770784939,159.4107575491857
3.7242256683503503,175.81545998731463
4.010704565915762,189.6211532626547
4.297183463481174,198.01895055864256
4.583662361046586,200.9698108890899
4.870141258611998,203.0379088417236
5.15662015617741,207.57877254647016
5.443099053742821,214.53991800333222
5.729577951308234,221.6316023912668
6.016056848873646,225.77587531560815
6.302535746439057,225.53197698061746
6.589014644004469,225.56319716782247
6.87549354156988,227.767793662481
7.161972439135291,230.77811984885773
7.448451336700704,232.52218804717018
7.734930234266116,233.3616369752057
8.021409131831527,234.03587075711894
8.30788802939694,236.24676895826758
8.594366926962351,238.76197378212368
8.880845824527762,242.23912822477973
9.167324722093175,245.45677281839852
9.453803619658586,246.8928116462231
9.740282517224,247.69534429790693
10.02676141478941,246.37625072670653
10.313240312354822,243.2343684361781
10.599719209920233,243.0652243393994
10.886198107485647,244.84487693284976
11.172677005051058,247.33029221951557
11.45915590261647,251.31175234587872
11.745634800181882,251.83051995374555
12.032113697747294,247.2524434736702
12.318592595312705,242.88409319778663
12.605071492878118,240.7475044323996
12.891550390443529,239.71058587062774
13.17802928800894,239.64479968025682
13.464508185574354,241.33412889205403
13.750987083139766,243.44051623413424
14.037465980705177,244.33955377423135
14.323944878270588,242.57042371338628
14.610423775835999,240.4449351352877
14.89690267340141,240.72071454715004
15.183381570966823,244.24516650092895
15.469860468532234,247.1071683100961
15.756339366097645,246.69644910378602
16.042818263663058,248.31326028079087
16.32929716122847,253.59643805034452
16.61577605879388,260.1862345067725
16.902254956359293,261.52331834839066
17.188733853924706,259.7409374977305
17.475212751490115,258.78745493458376
17.761691649055532,261.7649946602677
18.04817054662094,267.3417685665147
18.334649444186354,280.8490459459474
18.621128341751763,298.2061504434403
18.907607239317176,324.05662129798077
19.19408613688259,359.41537967797547
19.480565034448,411.78159115446846
19.76704393201341,479.78401552211926
20.053522829578824,504.2644250214993
20.340001727144237,502.7983861055856
20.62648062470965,505.57863915934655
20.912959522275063,503.93204247624027
21.199438419840472,488.2814651876061
21.485917317405885,406.6799509888722
21.772396214971295,238.99091331245745
22.058875112536708,55.27143070127869
22.34535401010212,0.0
22.63183290766753,0.0
22.918311805232943,0.0
23.204790702798356,0.0
23.491269600363765,0.0
23.777748497929178,0.0
24.06422739549459,0.0
24.35070629306,1.3126440792463856
24.637185190625413,38.49710295731312
24.92366408819083,93.34812269394186
25.210142985756235,127.91199555918034
25.49662188332165,156.7808030104539
25.783100780887064,182.6163457243973
26.069579678452474,205.11211839804758
26.356058576017887,222.41453912839438
26.6425374735833,236.09990279888854
26.92901637114871,241.74916266897924
27.215495268714122,243.8215532509612
27.501974166279535,246.4467692105753
27.788453063844944,253.03838800302407
28.074931961410357,261.1606475421644
28.36141085897577,268.20971539186087
28.64788975654118,270.01305413308705
28.934368654106592,269.35461920422495
29.220847551672005,270.3367274486311
29.507326449237414,273.4714868240055
29.793805346802827,276.18420231207756
30.080284244368237,277.83173330282284
30.36676314193365,278.4263407221616
30.653242039499066,279.89228888757845
30.939720937064475,281.9972985152167
31.226199834629888,284.9217250408142
31.5126787321953,288.7732738611245
31.79915762976071,291.22988880619414
32.08563652732612,292.23167243583737
32.37211542489153,292.08989771463007
32.65859432245694,289.006780014882
32.94507322002236,286.91117888590105
33.231552117587775,288.31940367377194
33.518031015153184,290.5324943175924
33.80450991271859,294.648412280394
34.09098881028401,297.55462481520954
34.37746770784942,294.48261025853157
34.66394660541483,287.9038676884903
34.950425502980245,284.1515888507141
35.236904400545654,282.4313796297841
35.523383298111064,281.7887911061632
35.80986219567648,282.7825487221806
36.09634109324189,285.19849104690445
36.3828199908073,287.303818262895
36.669298888372715,286.7053484468653
36.955777785938125,284.3083543723958
37.242256683503534,282.78216780395303
37.52873558106895,285.3060079708555
37.81521447863436,289.0256615533573
38.101693376199776,289.79868956524973
38.388172273765186,289.666869536534
38.674651171330595,293.9415194110694
38.96113006889601,301.6464776727021
39.24760896646142,306.75619529907294
39.53408786402683,305.56768978825
39.82056676159225,302.7529059039531
40.107045659157656,302.8359661170584
40.393524556723065,306.7922149461368
40.68000345428848,316.6321060320845
40.96648235185389,333.6810303337958
41.25296124941931,355.4078919841005
41.53944014698471,387.8137101824959
41.825919044550126,431.99037320834833
42.112397942115535,496.4952562581361
42.39887683968095,545.6752951086348
42.68535573724637,545.5774413701253
42.97183463481178,547.3713017076141
43.25831353237718,548.5102636240774
43.544792429942596,542.0337295834873
43.83127132750801,492.09691529678685
44.11775022507342,353.4401658030805
44.40422912263884,153.14575918962106
44.69070802020424,19.552934837039004
44.97718691776966,0.0
45.26366581533507,0.0
45.55014471290048,0.0
45.83662361046589,0.0
46.12310250803131,0.0
46.40958140559671,0.0
46.69606030316213,0.0
46.98253920072754,1.2460398537870707
47.26901809829295,38.15569587777543
47.55549699585836,82.59619166238105
47.84197589342378,111.43327067089479
48.12845479098918,135.8891254732817
48.4149336885546,158.4251145433687
48.701412586120014,178.07492184096617
48.987891483685424,193.2824406731848
49.27437038125084,205.4507251015676
49.56084927881625,210.1749905605398
49.84732817638166,212.69908876015103
50.13380707394707,215.8248633994114
50.420285971512484,222.54565208842953
50.706764869077894,229.95715709679683
50.99324376664331,236.35373878120197
51.27972266420872,237.62239691509757
51.56620156177413,237.20756488605537
51.85268045933954,238.43148780688665
52.139159356904955,241.63748971669943
52.425638254470364,244.03393397545204
52.71211715203578,245.4577050313038
52.99859604960118,245.79393371384623
53.2850749471666,247.5133492883839
53.57155384473201,249.9258891378833
53.858032742297425,253.1752621312652
54.14451163986284,256.9660168220231
54.43099053742825,259.32708229126825
54.71746943499366,260.30889467201007
55.00394833255907,260.26339444335304
55.290427230124486,257.3380254315092
55.576906127689895,255.42840064212805
55.86338502525531,256.83106017866396
56.14986392282072,258.8351103144015
56.43634282038613,262.7095543098879
56.72282171795154,265.29978022976394
57.009300615516956,262.7928792285111
57.29577951308236,257.21597140012216
57.58225841064776,254.23668262575447
57.86873730821317,252.60406045825272
58.15521620577858,252.0110463562308
58.44169510334399,253.00864878190683
58.72817400090939,255.18608429506236
59.01465289847479,257.0578668505467
59.3011317960402,256.2530003279271
59.587610693605605,254.01615151509947
59.87408959117101,252.63274362144512
60.16056848873641,255.23325423558742
60.447047386301826,258.97848145819603
60.73352628386723,259.9356693560835
61.02000518143264,260.06987510606126
61.30648407899804,264.0097023060986
61.59296297656344,270.9288214847934
61.879441874128844,275.2333488173836
62.16592077169425,273.93657574643
62.452399669259655,272.24848708464737
62.73887856682507,273.3941799527313
63.025357464390474,277.89782206943175
63.311836361955876,287.8034709102311
63.598315259521286,304.98342696721323
63.88479415708669,326.792862713875
64.17127305465209,359.6958363474363
64.45775195221749,404.7620358071969
64.7442308497829,471.53568135747116
65.03070974734831,526.0765453952037
65.31718864491371,528.3567251274335
65.60366754247912,529.7668520760628
65.89014644004453,531.0987016386028
66.17662533760993,525.3918628566802
66.46310423517534,478.3399969626223
66.74958313274074,339.29955614270534
67.03606203030614,130.74591371174873
67.32254092787156,3.374271317434726
67.60901982543696,0.0
67.89549872300236,0.0
68.18197762056776,0.0
68.46845651813318,0.0
68.75493541569858,0.0
69.04141431326399,0.0
69.32789321082939,0.0
69.6143721083948,15.101835028303839
69.9008510059602,66.36019699063172
70.18732990352561,117.99565772667668
70.47380880109101,153.47830495522936
70.76028769865641,183.9746116658509
71.04676659622183,211.94324832586247
71.33324549378723,234.98071345464626
71.61972439135263,253.47689877150734
71.90620328891805,265.6648682174918
72.19268218648345,270.3377943065432
72.47916108404885,273.0277477685603
72.76563998161426,278.1299869685132
73.05211887917966,286.8847158826119
73.33859777674506,296.19034308757364
73.62507667431048,302.17283001704243
73.91155557187588,302.75426571795856
74.1980344694413,302.6028296109126
74.4845133670067,304.9539298906303
74.7709922645721,308.7345549106453
75.0574711621375,311.380950226702
75.3439500597029,312.5553131990636
75.63042895726831,313.4462209716553
75.91690785483371,315.74350242964
76.20338675239913,318.83248364081857
76.48986564996453,322.97531276165626
76.77634454752994,327.1842358353288
77.06282344509535,329.4513507250328
77.34930234266075,330.47633731180736
77.63578124022615,329.19810072560824
77.92226013779155,325.48115248373114
78.20873903535696,324.50803120371137
78.49521793292236,326.6055508413589
78.78169683048777,329.765901324561
79.06817572805318,334.3430039155162
79.3546546256186,335.7876088876822
79.641133523184,330.672786605166
79.9276124207494,324.4335932265842
80.2140913183148,321.2286440308468
80.5005702158802,319.6026157887321
80.7870491134456,319.44335545519726
81.07352801101102,321.24575689239356
81.36000690857642,324.0430743933892
81.64648580614183,325.440698329876
81.93296470370723,323.7657758993572
82.21944360127264,320.97353365641794
82.50592249883805,320.77318724644306
82.79240139640346,324.6008004329712
83.07888029396887,328.28077670619825
83.36535919153427,328.69123053319515
83.65183808909967,330.0532655635197
83.93831698666507,336.4456039111662
84.22479588423047,344.8471464265776
84.51127478179589,347.78787179854555
84.79775367936129,345.48079096862193
85.0842325769267,343.7366337230053
85.3707114744921,346.14478625032854
85.6571903720575,352.8682168795209
85.9436692696229,367.8260645919815
86.2301481671883,389.4661866783936
86.51662706475372,419.87987250944883
86.80310596231914,462.6203654573999
87.08958485988454,523.4045827275868
87.37606375744994,604.4645301050116
87.66254265501534,646.2756029076011
87.94902155258076,644.8212513741728
88.23550045014616,647.3626895294269
88.52197934771156,646.1336719548897
88.80845824527697,629.3076887216673
89.09493714284237,543.5359030591933
89.38141604040777,346.3853977097996
89.66789493797319,109.28461503378196
89.95437383553859,0.17791189226956305
90.24085273310399,0.0
90.5273316306694,0.0
90.8138105282348,0.0
91.1002894258002,0.0
91.38676832336563,0.0
91.67324722093103,0.0
91.95972611849643,2.2804394007506295
92.24620501606184,41.628217524302926
92.53268391362724,90.01983339474629
92.81916281119264,121.41419111708393
93.10564170875806,148.21390711461277
93.39212060632346,172.8054881763201
93.67859950388886,194.2931334600978
93.96507840145426,211.11921625183254
94.25155729901967,224.28095055856286
94.53803619658507,229.77266326260346
94.82451509415048,232.56924860002536
95.11099399171589,236.24420501504787
95.39747288928129,243.52298755189992
95.68395178684669,251.63860856198417
95.97043068441211,258.5912150479847
96.25690958197752,260.2504890521178
96.54338847954293,259.8087162266326
96.82986737710833,261.1342264152474
97.11634627467373,264.60950963045855
97.40282517223913,267.3218489862073
97.68930406980454,268.8392643042371
97.97578296736994,269.2095498673207
98.26226186493535,270.9498655585636
98.54874076250076,273.6621338511018
98.83521966006616,277.26460318293675
99.12169855763156,281.4214165007194
99.40817745519696,284.11348939645177
99.69465635276237,285.2430073367897
99.98113525032777,285.22911268539997
100.26761414789318,282.22226087543606
100.5540930454586,280.08316689196823
100.840571943024,281.4415021083948
101.1270508405894,283.6481010833441
101.41352973815482,287.6822732974207
101.70000863572022,290.4899358908491
101.98648753328563,287.95020647397325
102.27296643085103,282.195750841535
102.55944532841643,278.847105022505
102.84592422598183,276.99814634274423
103.13240312354723,276.3308749718317
103.41888202111265,277.35014196474907
103.70536091867805,279.69574154563554
103.99183981624346,281.7169901306079
104.27831871380886,280.99140875449467
104.56479761137426,278.5407443207621
104.85127650893966,277.0029260795735
105.1377554065051,279.5265173150102
105.4242343040705,283.64984301008536
105.7107132016359,284.9472334253734
105.9971920992013,285.26492222506
106.2836709967667,289.44927033772046
106.57014989433212,296.85400082900594
106.85662879189752,301.3925357079984
107.14310768946292,300.12771979369035
107.42958658702833,298.3462735356405
107.71606548459373,299.58982152196864
108.00254438215913,304.4474584355387
108.28902327972453,314.9601480249287
108.57550217728995,333.3994681860738
108.86198107485535,357.00208012046835
109.14845997242075,392.2909758604518
109.43493886998615,440.66211873050065
109.72141776755157,511.4548973248982
110.00789666511699,573.6414198009845
110.29437556268239,581.894783192524
110.58085446024779,582.7222267945168
110.8673333578132,584.2112555618285
111.1538122553786,578.7011372090568
111.440291152944,532.2661765172227
111.7267700505094,384.3772602516957
112.01324894807482,153.14419254339202
112.29972784564022,9.879099448095996
112.58620674320562,0.0
112.87268564077102,0.0
113.15916453833643,0.0
113.44564343590183,0.0
113.73212233346725,0.0
114.01860123103265,0.0
114.30508012859806,0.0
114.59155902616347,16.783441510494328
114.87803792372887,68.48967913338875
115.16451682129428,121.18974882159324
115.4509957188597,156.68145631230377
115.7374746164251,186.64486650856205
116.0239535139905,213.82581408048011
116.31043241155591,235.99468105333276
116.59691130912132,253.39247363318793
116.88339020668673,264.52704610013336
117.16986910425213,268.0690787779124
117.45634800181753,269.8636143419798
117.74282689938293,274.22448109589516
118.02930579694834,282.338448823654
118.31578469451375,291.0562470031484
118.60226359207915,296.6897010556275
118.88874248964456,296.9709101029294
119.17522138720996,296.4701847549341
119.46170028477536,298.51781083995866
119.74817918234076,302.1055615806696
120.03465807990617,304.6462073632807
120.3211369774716,305.5674635556344
120.607615875037,305.87616961045535
120.8940947726024,307.3866750005163
121.1805736701678,309.7771134139575
121.4670525677332,313.2312287794529
121.75353146529862,317.01221782765606
122.04001036286402,318.92194897961326
122.32648926042943,319.7802396251974
122.61296815799483,318.69605003867446
122.89944705556023,315.1939604072159
123.18592595312563,314.26395016077805
123.47240485069103,316.2974937882567
123.75888374825645,319.07005458491756
124.04536264582185,322.9522312203137
124.33184154338726,323.76984248810874
124.61832044095267,318.4390620566707
124.90479933851809,312.3416630211606
125.19127823608349,309.3270570501152
125.4777571336489,307.87687712024615
125.7642360312143,307.749755894227
126.0507149287797,309.50810097799433
126.3371938263451,312.20195857503717
126.6236727239105,313.6615593980924
126.91015162147592,312.1082564005912
127.19663051904132,309.4876634029256
127.48310941660672,308.7942190107468
127.76958831417213,311.97677077090947
128.05606721173754,315.1289276731072
128.34254610930293,315.3963729518448
128.62902500686835,316.81680766199247
128.91550390443373,323.04097426954115
129.20198280199915,330.96388588494335
129.48846169956457,333.09524184923487
129.77494059712998,329.823025870403
130.06141949469537,326.93891100760004
130.3478983922608,328.08044661487133
130.63437728982618,332.7597024980847
130.9208561873916,344.6207329144657
131.207335084957,361.7911145038185
131.4938139825224,385.1558867799019
131.7802928800878,418.53162730158624
132.0667717776532,466.28811088029073
132.35325067521862,534.3337308841101
132.639729572784,573.4194022650652
132.92620847034942,571.447836384738
133.21268736791484,573.4885421331844
133.49916626548023,572.2421082749789
133.78564516304564,561.1713256458496
134.07212406061106,496.1537616008498
134.35860295817648,327.2686916779253
134.64508185574186,104.59031699695927
134.93156075330728,0.28670744020011574
135.21803965087267,0.0
135.50451854843809,0.0
135.79099744600347,0.0
136.0774763435689,0.0
136.3639552411343,0.0
136.6504341386997,0.0
136.9369130362651,4.219595255599142
137.2233919338305,47.060263108072675
137.50987083139592,91.50166187168706
137.7963497289613,120.05966783245383
138.08282862652672,144.17009846340113
138.36930752409214,166.35038397969788
138.65578642165755,185.32781693450713
138.94226531922294,200.2313700983681
139.22874421678836,212.94158365074298
139.51522311435377,220.4359954150929
139.80170201191916,224.8867101165177
140.08818090948458,229.12025801965072
140.37465980704997,236.43075552763224
140.66113870461538,244.27455858644956
140.94761760218077,250.43039149059575
141.2340964997462,251.2703655357603
141.5205753973116,250.95853093799997
141.807054294877,252.5831882055509
142.0935331924424,255.9695155858428
142.3800120900078,258.3292197889209
142.6664909875732,259.65148471549213
142.95296988513863,260.102330428503
143.23944878270405,262.09139576002667
143.52592768026943,264.6917150590502
143.81240657783485,268.23220421251915
144.09888547540024,272.117016626721
144.38536437296565,274.3499444191957
144.67184327053107,275.3436418979767
144.95832216809646,274.89748238911517
145.24480106566187,271.63220462783636
145.53127996322726,270.1461912688358
145.81775886079268,271.80547751496385
146.10423775835807,274.0884318234647
146.39071665592348,278.2781148417589
146.6771955534889,280.4709167943685
146.9636744510543,277.0321788983069
147.2501533486197,271.3906709451562
147.5366322461851,268.4745855564978
147.8231111437505,266.9120270312572
148.10959004131593,266.44725685379285
148.39606893888134,267.73505276560337
148.68254783644673,270.0618239074185
148.96902673401215,271.7721813286465
149.25550563157753,270.59668842618976
149.54198452914295,268.2345684896306
149.82846342670837,267.2496993375977
150.11494232427376,270.33425401919675
150.40142122183917,274.0840880455219
150.68790011940456,274.6637062374689
150.97437901696998,275.18006892648947
151.26085791453536,279.8840929690606
151.54733681210078,287.31777742957763
151.8338157096662,290.9281532980229
152.1202946072316,289.2957347393963
152.406773504797,287.64947795196247
152.69325240236242,289.40667857775634
152.9797312999278,294.47255621426115
153.26621019749322,306.13880970548786
153.55268909505864,324.5055206754206
153.83916799262403,348.99155255734564
154.12564689018944,384.62159022610103
154.41212578775483,434.86720432782306
154.69860468532025,507.42989031855734
154.98508358288564,556.514175404697
155.27156248045105,556.4651814427029
155.55804137801647,558.4753568157801
155.84452027558186,558.9641470365866
156.13099917314727,550.6649398926878
156.41747807071266,490.1828622014485
156.70395696827808,330.6586545123863
156.9904358658435,113.86191066086934
157.2769147634089,0.14156824501646836
157.5633936609743,0.0
157.84987255853972,0.0
158.1363514561051,0.0
158.42283035367052,0.0
158.70930925123594,0.0
158.99578814880132,0.0
159.28226704636674,0.0
159.56874594393213,1.49800468145416
159.85522484149755,39.76571752899954
160.14170373906293,94.68725766331217
160.42818263662835,129.568241613397
160.71466153419377,158.91123144201273
161.00114043175915,185.43807717514304
161.28761932932457,208.29657975357762
161.57409822689,226.09827554645457
161.8605771244554,240.00941772100015
162.1470560220208,245.86586718070703
162.4335349195862,248.27084324218282
162.7200138171516,251.24855566454895
163.006492714717,258.2403483286348
163.2929716122824,266.69477491574963
163.57945050984782,273.7618941961463
163.86592940741323,275.477025752743
164.15240830497862,274.98555617008253
164.43888720254404,276.2087299750683
164.72536610010943,279.45695652795683
165.01184499767484,282.1442373259972
165.29832389524023,283.81343665976215
165.58480279280565,284.7661842351002
165.87128169037106,286.6486553907983
166.15776058793645,289.0567104280425
166.44423948550187,292.2674617415994
166.73071838306726,296.31176706820656
167.01719728063267,298.78483343453456
167.3036761781981,299.8687031087416
167.59015507576348,299.45968063110223
167.8766339733289,296.0955910950096
168.16311287089428,294.2051877080002
168.44959176845973,295.76796840048877
168.73607066602514,298.19757701930274
169.02254956359053,302.7383730519577
169.30902846115595,305.8869349128113
169.59550735872133,302.42405371855506
169.88198625628675,295.66793147792595
170.16846515385217,291.8736920154739
170.45494405141756,290.1638970379917
170.74142294898297,289.5469403749927
171.02790184654836,290.6844383368839
171.31438074411378,293.18735910958526
171.60085964167916,295.20606077675967
171.88733853924458,294.4031159252621
172.17381743681,291.9013154328397
172.46029633437539,290.7287520842324
172.7467752319408,293.7777304673856
173.0332541295062,297.7082896658708
173.3197330270716,298.2557626458871
173.606211924637,298.0940897140988
173.8926908222024,302.78826241651285
174.17916971976783,310.8058577085443
174.46564861733322,316.097860518482
174.75212751489863,315.1814741647248
175.03860641246402,312.7942074650827
175.32508531002944,313.5633629999988
175.61156420759482,318.39050559140685
175.89804310516024,330.32745003911833
176.18452200272566,349.33458376204857
176.47100090029105,375.0919421552975
176.75747979785646,412.09189759241735
177.04395869542185,465.4393600282195
177.3304375929873,541.4733689274099
177.6169164905527,582.5865082415114
177.9033953881181,580.6249786285583
178.18987428568352,583.3840050127884
178.4763531832489,583.9551810865028
178.76283208081432,572.4314177741735
179.04931097837974,503.00225909204846
179.33578987594512,348.22047271140855
179.62226877351054,145.9846157773298
179.90874767107593,16.8206444924513
180.19522656864135,0.0
180.48170546620676,0.0
180.76818436377215,0.0
181.05466326133757,0.0
181.34114215890295,0.0
181.62762105646837,0.0
181.91409995403376,13.731247458114634
182.20057885159918,61.9036468750217
182.4870577491646,93.9798931349272
182.77353664672998,119.80711176270871
183.0600155442954,142.25227141224133
183.34649444186078,163.4315566429309
183.6329733394262,180.17096945340583
183.9194522369916,194.143853096749
184.205931134557,202.47777754499165
184.49241003212242,205.4998078999866
184.7788889296878,207.76876720695034
185.06536782725323,212.6823268697397
185.3518467248186,219.80109477231628
185.63832562238403,227.05130714784943
185.92480451994942,231.24347707462258
186.21128341751484,231.0045579413527
186.49776231508025,231.03533640770544
186.78424121264567,233.37526886773807
187.07072011021108,236.50034390243533
187.3571990077765,238.32381748765943
187.6436779053419,239.03169557691237
187.9301568029073,239.53628399779163
188.2166357004727,241.76738463137175
188.5031145980381,244.4625275393143
188.7895934956035,248.07805331778542
189.07607239316891,251.4123330703449
189.36255129073433,252.93545247481677
189.64903018829972,253.76715848426795
189.93550908586514,252.54628442870728
190.22198798343052,249.36820574852072
190.50846688099594,249.10088565263135
190.79494577856136,250.91144280009254
191.08142467612674,253.39334016622223
191.36790357369216,257.19717826181
191.65438247125755,257.65845836179034
191.94086136882297,253.29440110598065
192.22734026638835,248.99411015712369
192.51381916395377,246.78907645001897
192.8002980615192,245.6792044143707
193.08677695908457,245.63496303705287
193.37325585665,247.3286652747813
193.65973475421538,249.48722283111906
193.9462136517808,250.40444972297956
194.23269254934618,248.61361653111612
194.5191714469116,246.4339940528657
194.80565034447702,246.51307216816014
195.0921292420424,249.99936079284578
195.37860813960782,253.0150439838742
195.66508703717327,252.90959549945393
195.95156593473865,254.6611246620527
196.23804483230407,259.915688980517
196.52452372986946,266.47976194546885
196.81100262743487,267.4751085914496
197.09748152500026,265.6244021423702
197.38396042256568,264.7258258123499
197.6704393201311,267.770876498186
197.95691821769648,273.25257584999827
198.2433971152619,286.4610265027244
198.5298760128273,303.93096325714646
198.8163549103927,329.2458010860451
199.1028338079581,364.42226370505205
199.3893127055235,415.0695254183116
199.67579160308892,483.63214761310655
199.9622705006543,517.3390405793849
200.24874939821973,515.1584219638141
200.53522829578512,517.474391174009
200.82170719335053,516.1242322413475
201.10818609091595,504.33395075071576
201.39466498848134,430.50140444059366
201.68114388604675,256.25698407758466
201.96762278361214,56.147421953518716
202.25410168117756,0.0
202.54058057874295,0.0
202.82705947630836,0.0
203.11353837387378,0.0
203.40001727143917,0.0
203.68649616900458,0.0
203.97297506656997,0.0
204.2594539641354,2.171605188247643
204.54593286170078,41.39365691253195
204.8324117592662,98.56764739198435
205.11889065683164,135.24586156555546
205.40536955439703,165.89082715390504
205.69184845196244,193.3140092459576
205.97832734952786,217.21042443553398
206.26480624709325,236.0005629475101
206.55128514465866,250.72350583105157
206.83776404222405,257.44216360179485
207.12424293978947,260.04983561812514
207.41072183735486,263.48981683842453
207.69720073492027,270.7642026979376
207.9836796324857,279.7322322334501
208.27015853005108,287.53293109084933
208.5566374276165,290.0029211920226
208.84311632518188,289.41285255811306
209.1295952227473,290.55133935722705
209.4160741203127,294.0520926109027
209.7025530178781,297.18677766316694
209.98903191544352,298.9887721083124
210.2755108130089,299.6579006055988
210.56198971057432,301.2727868487086
210.8484686081397,303.9900473191802
211.13494750570513,307.591794922635
211.42142640327052,312.03126401245004
211.70790530083593,315.0694227557776
211.99438419840135,316.38027968331426
212.28086309596674,316.37481786030537
212.56734199353215,313.2908166661858
212.85382089109754,310.7806254276887
213.14029978866296,311.99206341667013
213.42677868622837,314.4618989491579
213.71325758379376,318.80385766894426
213.9997364813592,322.17683617869284
214.28621537892462,319.54082948120913
214.57269427649,313.0437110774284
214.85917317405543,308.7787516140609
215.14565207162082,306.69071268443287
215.43213096918623,305.87564750121226
215.71860986675162,306.8365065246377
216.00508876431704,309.4063651155706
216.29156766188245,311.71629329470085
216.57804655944784,311.2656433841151
216.86452545701326,308.6173578862779
217.15100435457865,306.85714662468536
217.43748325214406,309.2062386311895
217.72396214970945,313.66629836123707
218.01044104727487,315.1667699447905
218.29691994484028,315.3629749478891
218.58339884240567,319.72025776863035
218.8698777399711,327.84496583924226
219.15635663753648,333.4513541612997
219.4428355351019,332.7159594455189
219.72931443266728,330.2827914524374
220.0157933302327,330.95548829385046
220.3022722277981,335.78054351290416
220.5887511253635,346.8968399651863
220.87523002292892,366.50724388857316
221.1617089204943,392.24356691182777
221.44818781805972,430.12004246740366
221.7346667156251,482.92678560676416
222.02114561319053,559.6249462138076
222.30762451075594,624.8263471942726
222.59410340832133,634.4477643915081
222.88058230588675,635.3995911997515
223.16706120345214,637.0311744628627
223.45354010101758,630.9867141962383
223.740018998583,580.2593306189016
224.02649789614838,426.3476141569853
224.3129767937138,187.16169834321101
224.59945569127922,25.347342123210712
224.8859345888446,0.0
225.17241348641002,0.0
225.4588923839754,0.0
225.74537128154083,0.0
226.03185017910621,0.0
226.31832907667163,0.0
226.60480797423705,0.0
226.89128687180244,1.7065676665682965
227.17776576936785,40.31055631330054
227.46424466693324,82.37743776634773
227.75072356449866,110.35124727297062
228.03720246206404,134.00440079235784
228.32368135962946,156.07541790903386
228.61016025719488,174.81457917390264
228.89663915476027,189.4739680272947
229.18311805232568,200.96147000308866
229.46959694989107,205.1603629127385
229.7560758474565,207.5367319772763
230.04255474502187,210.6813002121885
230.3290336425873,217.39931449996624
230.6155125401527,224.66031809771462
230.9019914377181,230.57441527722153
231.1884703352835,231.3798823372946
231.4749492328489,231.07596299804027
231.76142813041432,232.47656851821856
232.0479070279797,235.60138079044748
232.33438592554515,237.74698115595396
232.62086482311057,239.0989293977815
232.90734372067595,239.62780336097236
233.19382261824137,241.58065287371824
233.4803015158068,243.9429347414603
233.76678041337217,247.1565895404693
234.0532593109376,250.79272725173257
234.33973820850298,252.83726156788896
234.6262171060684,253.77264967419913
234.91269600363378,253.38998870671304
235.1991749011992,250.26795178059282
235.48565379876462,248.8191521546965
235.77213269633,250.40513060823824
236.05861159389542,252.48592690497685
236.3450904914608,256.60845363241924
236.63156938902623,258.935314870684
236.91804828659164,255.77504575737083
237.20452718415703,250.21593809813976
237.49100608172245,247.46786774911095
237.77748497928783,246.04208283928926
238.06396387685325,245.5519635553298
238.35044277441864,246.73788918731313
238.63692167198406,248.89252344890187
238.92340056954947,250.55887991641998
239.20987946711486,249.46328272728522
239.49635836468028,247.28063368341475
239.78283726224566,246.34431146275344
240.06931615981108,249.3936365394331
240.35579505737647,252.94195203359027
240.64227395494188,253.3039248618094
240.9287528525073,253.5113143368812
241.2152317500727,257.830797475355
241.5017106476381,264.7859210386853
241.78818954520355,268.7087343225571
242.07466844276894,267.35878080035974
242.36114734033436,265.82264622724216
242.64762623789974,267.39954952455935
242.93410513546516,272.15162608832367
243.22058403303055,283.3460969197433
243.50706293059596,300.7552787903563
243.79354182816138,324.13451309841827
244.08002072572677,358.09474173441686
244.36649962329219,406.86499040158674
244.65297852085757,477.6154995782955
244.939457418423,519.5212013454315
245.22593631598838,517.5945072201404
245.5124152135538,520.017391939135
245.7988941111192,520.616049263628
246.0853730086846,511.4644432903818
246.37185190625001,448.83396982211025
246.6583308038154,300.28672401924564
246.94480970138082,106.64174032677096
247.23128859894624,0.017459766099951424
247.51776749651162,0.0
247.80424639407704,0.0
248.09072529164243,0.0
248.37720418920784,0.0
248.66368308677323,0.0
248.95016198433865,0.0
249.23664088190407,3.145786347511537
249.52311977946945,44.65524238916517
249.80959867703487,92.8553401636467
250.09607757460026,124.64126573473865
250.38255647216567,151.74753071189025
250.66903536973112,176.8432623921663
250.9555142672965,198.27151161100386
251.24199316486192,215.2418336637679
251.5284720624273,228.22834896326918
251.81495095999273,233.51696419089814
252.10142985755814,236.315847598936
252.38790875512353,240.1623907234396
252.67438765268895,247.70229391426045
252.96086655025434,256.0103490238323
253.24734544781975,262.6739634955481
253.53382434538514,263.9425133328251
253.82030324295056,263.646253303052
254.10678214051597,265.23898540911523
254.39326103808136,268.7219333305753
254.67973993564678,271.27940399566603
254.96621883321217,272.7576112731756
255.25269773077758,273.5036592274421
255.53917662834297,275.6343049647875
255.8256555259084,278.44104767590824
256.1121344234738,282.1401823046241
256.3986133210392,286.29687890992545
256.6850922186046,288.7786563549107
256.97157111617,289.8913778132584
257.2580500137354,289.4426927372699
257.5445289113008,286.0712942208305
257.8310078088662,284.3791409525406
258.11748670643163,286.0146815686411
258.40396560399705,288.45003420028803
258.6904445015624,292.9197850012826
258.9769233991278,295.67883161788325
259.26340229669324,292.31489569326385
259.54988119425866,286.2797375219574
259.8363600918241,283.0051843897766
260.1228389893895,281.30039335729055
260.4093178869549,280.7510370222814
260.6957967845203,282.0026034313488
260.9822756820857,284.437781996937
261.2687545796511,286.273770067477
261.5552334772165,285.20812252135653
261.84171237478193,282.7053829887709
262.1281912723473,281.6998236357872
262.4146701699127,284.903108932374
262.7011490674781,288.9642313975078
262.98762796504354,289.69060636142467
263.27410686260896,289.98632153089784
263.5605857601743,294.7797094935771
263.84706465773974,302.55542439395253
264.13354355530515,306.955741423365
264.42002245287057,305.7357732803311
264.706501350436,304.16352843087645
264.99298024800134,305.968564722802
265.27945914556676,311.5123997335754
265.5659380431322,324.1134555875988
265.8524169406976,343.9751445134782
266.138895838263,370.65506483534057
266.42537473582837,408.27606683632825
266.7118536333938,460.62274682472975
266.9983325309592,535.5976377334939
267.2848114285246,592.3874901952354
267.57129032609,597.6328679514686
267.8577692236554,599.0007344897928
268.1442481212208,600.1668293893883
268.43072701878623,592.9699182465179
268.71720591635165,532.287435920305
269.00368481391706,357.9159188141804
269.2901637114825,130.34890034845338
269.5766426090479,4.1780097510923255
269.86312150661325,0.0
270.14960040417867,0.0
270.4360793017441,0.0
270.7225581993095,0.0
271.0090370968749,0.0
271.2955159944403,0.0
271.5819948920057,0.0
271.8684737895711,0.0
272.15495268713653,16.62590184762106
272.4414315847019,55.51458093369838
272.7279104822673,78.63594273664472
273.0143893798327,98.7284516589707
273.30086827739814,116.81541004812642
273.58734717496355,133.97926259676848
273.8738260725289,147.00778869911176
274.16030497009433,158.65185861696506
274.44678386765975,164.35710251978594
274.73326276522516,167.33966121669243
275.0197416627906,169.68884149908928
275.30622056035594,174.91797074872483
275.59269945792136,181.03223377017758
275.8791783554868,187.17464384117523
276.1656572530522,189.6400306675173
276.4521361506176,189.34208140548668
276.73861504818296,189.8740364879235
277.0250939457484,192.445759424762
277.3115728433138,194.86050194654823
277.5980517408792,196.185731269766
277.8845306384446,196.6211229976492
278.17100953601,197.84665202138567
278.45748843357546,200.24780891318102
278.7439673311408,203.03700117662612
279.03044622870624,206.43648092379905
279.31692512627166,209.16326509516716
279.6034040238371,210.25939108620395
279.8898829214025,210.92213570109482
280.17636181896785,209.1413723538709
280.46284071653326,206.54287899278341
280.7493196140987,207.09360030818254
281.0357985116641,208.6435157975289
281.3222774092295,211.22074040100648
281.6087563067949,214.6356737443601
281.8952352043603,214.60662383254692
282.1817141019257,210.31531747638192
282.4681929994911,207.41284275027596
282.7546718970565,205.60776466700355
283.0411507946219,204.8420561613711
283.3276296921873,205.07956474493247
283.61410858975273,206.72662387046614
283.90058748731815,208.52927342314973
284.1870663848835,208.69278234057
284.4735452824489,206.8640916417625
284.76002418001434,205.06600891575823
285.04650307757976,206.28796649295143
285.3329819751452,209.83489486693205
285.61946087271053,212.185617492555
285.90593977027595,211.74247341232658
286.19241866784137,213.79061745261998
286.4788975654068,218.81918722483732
286.7653764629722,224.03982000902178
287.05185536053756,224.07125953840062
287.33833425810303,223.3757710562767
287.62481315566845,223.81495105460715
287.9112920532338,227.80576673892313
288.1977709507992,234.25972396507876
288.48424984836464,248.7663984266046
288.77072874593006,266.33642689495724
289.0572076434954,293.8337010440115
289.34368654106083,330.67537767426427
289.63016543862625,386.1810613106654
289.91664433619167,453.5766190993826
290.2031232337571,472.5916661994572
290.48960213132244,471.6614478439816
290.77608102888786,474.4780569130404
291.0625599264533,472.15245590274617
291.3490388240187,450.6722174377617
291.6355177215841,354.3913116229955
291.92199661914947,177.10620295276152
292.2084755167149,16.53443434659721
292.4949544142803,0.0
292.7814333118457,0.0
293.0679122094111,0.0
293.3543911069765,0.0
293.6408700045419,0.0
293.9273489021073,0.0
294.21382779967274,0.0
294.5003066972381,4.281767857937883
294.7867855948035,47.026592947093775
295.07326449236893,79.24481887355815
295.35974338993435,103.96410859624203
295.64622228749977,125.34760329464164
295.9327011850651,145.86231796299512
296.21918008263054,162.7087379121421
296.50565898019596,176.49515378039513
296.7921378777614,186.41538093947784
297.0786167753268,190.23062196535722
297.3650956728922,192.90479400409498
297.6515745704576,197.05685573758063
297.938053468023,203.91095954533182
298.2245323655884,210.95638832313836
298.5110112631538,216.04047144810025
298.79749016071924,216.32549704870854
299.08396905828465,216.34540180321184
299.37044795585,218.26074699991156
299.6569268534154,221.37965066993638
299.94340575098084,223.23990372653526
300.22988464854626,224.3344804477876
300.5163635461117,224.9756527256305
300.80284244367704,227.4583810606116
301.08932134124245,230.2110679086233
301.37580023880787,233.82295808194715
301.6622791363733,237.38408925065426
301.9487580339387,239.21810270494353
302.23523693150406,240.18554672496433
302.5217158290695,239.43888106611027
302.8081947266349,236.22939140621014
303.0946736242003,235.37007483894723
303.38115252176567,237.04018504487976
303.6676314193311,239.24934911584427
303.9541103168965,243.46169553565687
304.2405892144619,245.17073635691574
304.52706811202734,241.8746111553724
304.8135470095927,237.15100834514172
305.1000259071581,234.78950285621988
305.38650480472353,233.52527021520984
305.67298370228895,233.18869388942773
305.95946259985436,234.57770072635122
306.2459414974198,236.63284257680718
306.5324203949852,237.91429681871176
306.8188992925506,236.42826781359497
307.10537819011597,234.30822882526274
307.3918570876814,233.97817456079324
307.6783359852468,237.47175626201908
307.9648148828122,241.00167057192596
308.2512937803776,241.09846860527696
308.537772677943,241.94418308715424
308.8242515755084,246.40251892202696
309.11073047307383,253.09751062152958
309.39720937063925,255.7987277186358
309.6836882682046,254.76680346494373
309.97016716577,254.21217532647566
310.25664606333544,257.188197253373
310.54312496090085,262.8196608139872
310.82960385846627,275.84851012002116
311.11608275603163,294.4686402290298
311.40256165359705,320.7917876355995
311.68904055116246,358.22815363055804
311.9755194487279,412.33546866699885
312.2619983462933,486.59466005149324
312.54847724385866,527.6369647293128
312.8349561414241,525.7390992036876
313.1214350389895,528.2390694203314
313.4079139365549,528.2149595198442
313.69439283412026,517.2663276408095
313.9808717316857,443.5954595317715
314.2673506292511,274.97520871782837
314.5538295268165,74.4895233389027
314.84030842438193,0.0
315.12678732194735,0.0
315.41326621951276,0.0
315.6997451170782,0.0
315.98622401464354,0.0
316.27270291220896,0.0
316.5591818097744,0.0
316.8456607073398,0.0
317.1321396049052,23.910574099290574
317.41861850247057,69.18541693244838
317.705097400036,97.64829554619305
317.9915762976014,122.55372375642226
318.2780551951668,145.44653315573353
318.5645340927322,166.7303473754656
318.8510129902976,183.33020122328338
319.137491887863,197.4823312497126
319.4239707854284,204.56352123401413
319.71044968299384,208.27040758837722
319.9969285805592,211.45332075693673
320.2834074781246,217.80659477813003
320.56988637569003,225.1853404962286
320.85636527325545,232.27734676101966
321.14284417082087,234.89079816655382
321.4293230683862,234.58445495088745
321.71580196595164,235.40994962522845
322.00228086351706,238.4644160844653
322.2887597610825,241.1491386092266
322.5752386586479,242.71653765252756
322.86171755621325,243.29634335826051
323.14819645377867,244.88774439647887
323.4346753513441,247.63004156944012
323.7211542489095,250.88393149608694
324.0076331464749,254.81037876291592
324.29411204404033,257.70705884043537
324.58059094160575,258.9188196765755
324.8670698391711,259.4221126821264
325.1535487367365,257.1284662087281
325.44002763430194,254.4667781732641
325.72650653186736,255.27083893043803
326.0129854294327,257.0919971973734
326.29946432699813,260.4264720534941
326.58594322456355,264.0498440666639
326.87242212212897,263.3096723645535
327.1589010196943,258.1739499674387
327.4453799172598,254.82294954545225
327.73185881482516,252.90329196817686
328.0183377123906,252.07798813027756
328.30481660995594,252.55770517782753
328.5912955075214,254.52435441467554
328.8777744050868,256.56989783029996
329.1642533026522,256.4771419046149
329.45073220021766,254.34717580794765
329.737211097783,252.49325773076146
330.02368999534843,254.27130848302664
330.3101688929138,258.2778191473046
330.59664779047927,260.355942230607
330.8831266880446,259.98445135270157
331.16960558561004,262.759311310991
331.45608448317546,268.83689792972604
331.7425633807409,274.429984701821
332.02904227830624,274.2678763222642
332.3155211758717,273.0986724168573
332.60200007343707,273.6244571627585
332.8884789710025,277.92360000968563
333.17495786856784,285.87534073236736
333.4614367661333,301.9858621021151
333.7479156636987,321.4832714501794
334.0343945612641,351.2871546347965
334.32087345882945,390.28626748699605
334.6073523563949,447.296066951321
334.8938312539603,507.52028167406877
335.1803101515257,514.6413955966552
335.4667890490911,514.9441852927762
335.75326794665654,517.2222434929934
336.0397468442219,513.2888004239927
336.32622574178737,485.4261727977894
336.6127046393527,377.07094524199306
336.89918353691814,184.86269602542762
337.1856624344835,24.762650774826344
337.472141332049,0.0
337.75862022961434,0.0
338.04509912717975,0.0
338.3315780247452,0.0
338.6180569223106,0.0
338.904535819876,0.0
339.19101471744136,0.0
339.47749361500684,6.35136849036763
339.7639725125722,52.8377441045974
340.0504514101376,94.39775437170628
340.336930307703,124.80360959363026
340.62340920526844,151.43465451824198
340.9098881028338,176.40015775568259
341.1963670003993,196.77317647268376
341.48284589796464,213.39357887118967
341.76932479553005,225.1933831464585
342.0558036930954,230.07687794882264
342.3422825906609,233.19954703112035
342.62876148822625,237.9041500443058
342.91524038579166,245.8067061346381
343.201719283357,254.01952979098067
343.4881981809225,259.8000750226917
343.77467707848785,260.4046119650346
344.06115597605327,260.45817885259453
344.3476348736187,262.57093032657036
344.6341137711841,266.0446378180643
344.92059266874946,268.27560498980085
345.20707156631494,269.5593712258549
345.4935504638803,270.5135070491264
345.7800293614457,273.1842019063486
346.0665082590111,276.2580651020121
346.35298715657655,280.26524756186916
346.6394660541419,284.25885689047914
346.9259449517073,286.4291947215498
347.2124238492728,287.5062531018046
347.49890274683816,286.60459055431073
347.78538164440357,283.10551946097894
348.071860541969,282.0536489354056
348.3583394395344,283.8880206148917
348.64481833709976,286.5000810445756
348.93129723466524,291.10292413307934
349.2177761322306,293.10195821853955
349.504255029796,289.28978783433723
349.7907339273614,283.8317333737205
350.07721282492685,281.0483729266922
350.3636917224922,279.5517604614627
350.6501706200576,279.21083460907516
350.936649517623,280.7183596969032
351.22312841518846,283.0902690069406
351.5096073127538,284.5142809609269
351.79608621031923,282.989166085298
352.08256510788465,280.5514015387596
352.36904400545006,280.24065286518584
352.6555229030154,283.9577248167951
352.9420018005809,287.77916806880285
353.22848069814626,288.1013649814839
353.5149595957117,288.95171390073693
353.80143849327703,294.0830101122867
354.0879173908425,301.6309799113639
354.37439628840787,304.8752601113714
354.6608751859733,303.5197010450914
354.94735408353864,302.5895546352945
355.2338329811041,305.3851424004621
355.5203118786695,311.49717297023557
355.8067907762349,325.0812023299937
356.09326967380036,344.8668353824288
356.3797485713657,371.94248113504517
356.66622746893114,410.0085970227233
356.95270636649656,463.4138569991536
357.239185264062,537.8831187719898
357.52566416162733,585.8188141930389
357.8121430591928,585.7171776618762
358.09862195675817,587.7477511249203
358.3851008543236,587.7835308148386
358.67157975188894,578.3050786474732
358.9580586494544,510.1645921468189
359.2445375470198,324.6523585457645
359.5310164445852,93.92791568660817
359.81749534215055,0.0
